admin,6df1e6d3ac
WebAppAdmin,8760f75bad
user_type1_0,b56f3174a1
user_type1_1,932fa9a6ce
user_type1_2,8848ac423a
user_type1_3,b854b36314
user_type1_4,c4aa09c35f
user_type2_0,4eea4aa3ba
user_type2_1,856f3cb1b7
user_type2_2,4baa760ef9
user_type2_3,03326da0d6
user_type2_4,3d15388b96
user_type4_0,11d66bb48a
user_type4_1,c677ff14f3
user_type4_2,fed93951ae
user_type4_3,949852055d
user_type4_4,872c391096
user_type8_0,5fa8efa3b6
user_type8_1,1a483778d8
user_type8_2,5462655dfd
user_type8_3,9efd1c8bb8
user_type8_4,9f8b86569e
