admin,e9f9c9d293
WebAppAdmin,945d5c45e7
user_type1_0,6e1a4865e4
user_type1_1,9f7b915325
user_type1_2,e81d597825
user_type1_3,e042412f11
user_type1_4,e486fe46db
user_type2_0,223f69054d
user_type2_1,d49a4736ed
user_type2_2,e82b620ac3
user_type2_3,f148adbd77
user_type2_4,0e8c49f961
user_type4_0,9f9510554a
user_type4_1,cbeedb0d23
user_type4_2,a004af68e2
user_type4_3,ca8f05e5e7
user_type4_4,ec53822bda
user_type8_0,7acdbfab86
user_type8_1,72f492111c
user_type8_2,14589f10c6
user_type8_3,cdc3e03bfc
user_type8_4,0b61afa077
